<?xml version="1.0" encoding="UTF-8"?><?xml-stylesheet type='text/xsl' href='_UpgradeReport_Files/UpgradeReport.xslt'?><UpgradeLog>
<Properties><Property Name="Solution" Value="AutoLockOn">
</Property><Property Name="솔루션 파일" Value="F:\Backup\USB_Backup\동부증권_N누적본\AutoLockOn1005\AutoLockOn.sln">
</Property><Property Name="Date" Value="2023년 4월 16일 일요일">
</Property><Property Name="Time" Value="오후 22:52">
</Property></Properties><Event ErrorLevel="0" Project="AutoLockOn" Source="AutoLockOn\AutoLockOn.vcproj" Description="Converting project file 'F:\Backup\USB_Backup\동부증권_N누적본\AutoLockOn1005\AutoLockOn\AutoLockOn.vcproj'.">
</Event><Event ErrorLevel="1" Project="AutoLockOn" Source="AutoLockOn\AutoLockOn.vcproj" Description="VCWebServiceProxyGeneratorTool is no longer supported. The tool has been removed from your project settings.">
</Event><Event ErrorLevel="1" Project="AutoLockOn" Source="AutoLockOn\AutoLockOn.vcproj" Description="Attribute 'Detect64BitPortabilityProblems' of 'VCCLCompilerTool' is not supported in this version and has been removed during conversion.">
</Event><Event ErrorLevel="1" Project="AutoLockOn" Source="AutoLockOn\AutoLockOn.vcproj" Description="MSB8012: $(TargetPath) ('F:\Backup\USB_Backup\동부증권_N누적본\AutoLockOn1005\AutoLockOn\../Library/Libd\AutoLockOn.exe') does not match the Linker's OutputFile property value '../OUTPUT/BinD/AutoLockOn.exe' ('F:\Backup\USB_Backup\동부증권_N누적본\AutoLockOn1005\../OUTPUT/BinD/AutoLockOn.exe') in project configuration 'Debug|Win32'. This may cause your project to build incorrectly. To correct this, please make sure that $(TargetPath) property value matches the value specified in %(Link.OutputFile).">
</Event><Event ErrorLevel="1" Project="AutoLockOn" Source="AutoLockOn\AutoLockOn.vcproj" Description="MSB8012: $(TargetPath) ('F:\Backup\USB_Backup\동부증권_N누적본\AutoLockOn1005\AutoLockOn\../Library/Lib\AutoLockOn.exe') does not match the Linker's OutputFile property value '../OUTPUT/Bin/AutoLockOn.exe' ('F:\Backup\USB_Backup\동부증권_N누적본\AutoLockOn1005\../OUTPUT/Bin/AutoLockOn.exe') in project configuration 'Release|Win32'. This may cause your project to build incorrectly. To correct this, please make sure that $(TargetPath) property value matches the value specified in %(Link.OutputFile).">
</Event><Event ErrorLevel="0" Project="AutoLockOn" Source="AutoLockOn\AutoLockOn.vcproj" Description="Done converting to new project file 'F:\Backup\USB_Backup\동부증권_N누적본\AutoLockOn1005\AutoLockOn\AutoLockOn.vcxproj'.">
</Event><Event ErrorLevel="3" Project="AutoLockOn" Source="AutoLockOn\AutoLockOn.vcproj" Description="Converted">
</Event><Event ErrorLevel="0" Project="ColorMapDll" Source="Shared\src\ColorMapDll\ColorMapDll.vcproj" Description="Converting project file 'F:\Backup\USB_Backup\동부증권_N누적본\AutoLockOn1005\Shared\src\ColorMapDll\ColorMapDll.vcproj'.">
</Event><Event ErrorLevel="1" Project="ColorMapDll" Source="Shared\src\ColorMapDll\ColorMapDll.vcproj" Description="VCWebServiceProxyGeneratorTool is no longer supported. The tool has been removed from your project settings.">
</Event><Event ErrorLevel="1" Project="ColorMapDll" Source="Shared\src\ColorMapDll\ColorMapDll.vcproj" Description="Attribute 'Detect64BitPortabilityProblems' of 'VCCLCompilerTool' is not supported in this version and has been removed during conversion.">
</Event><Event ErrorLevel="1" Project="ColorMapDll" Source="Shared\src\ColorMapDll\ColorMapDll.vcproj" Description="Attribute 'Detect64BitPortabilityProblems' of 'VCCLCompilerTool' is not supported in this version and has been removed during conversion.">
</Event><Event ErrorLevel="1" Project="ColorMapDll" Source="Shared\src\ColorMapDll\ColorMapDll.vcproj" Description="MSB8012: $(TargetName) ('ColorMapDll') does not match the Linker's OutputFile property value '../OUTPUT/BinD/ColorMap.dll' ('ColorMap') in project configuration 'Debug|Win32'. This may cause your project to build incorrectly. To correct this, please make sure that $(TargetName) property value matches the value specified in %(Link.OutputFile).">
</Event><Event ErrorLevel="1" Project="ColorMapDll" Source="Shared\src\ColorMapDll\ColorMapDll.vcproj" Description="MSB8012: $(TargetPath) ('F:\Backup\USB_Backup\동부증권_N누적본\AutoLockOn1005\Shared\src\ColorMapDll\../Library/Libd\ColorMapDll.dll') does not match the Linker's OutputFile property value '../OUTPUT/BinD/ColorMap.dll' ('F:\Backup\USB_Backup\동부증권_N누적본\AutoLockOn1005\../OUTPUT/BinD/ColorMap.dll') in project configuration 'Debug|Win32'. This may cause your project to build incorrectly. To correct this, please make sure that $(TargetPath) property value matches the value specified in %(Link.OutputFile).">
</Event><Event ErrorLevel="1" Project="ColorMapDll" Source="Shared\src\ColorMapDll\ColorMapDll.vcproj" Description="MSB8012: $(TargetName) ('ColorMapDll') does not match the Linker's OutputFile property value '../OUTPUT/Bin/ColorMap.dll' ('ColorMap') in project configuration 'Release|Win32'. This may cause your project to build incorrectly. To correct this, please make sure that $(TargetName) property value matches the value specified in %(Link.OutputFile).">
</Event><Event ErrorLevel="1" Project="ColorMapDll" Source="Shared\src\ColorMapDll\ColorMapDll.vcproj" Description="MSB8012: $(TargetPath) ('F:\Backup\USB_Backup\동부증권_N누적본\AutoLockOn1005\Shared\src\ColorMapDll\../Library/Lib\ColorMapDll.dll') does not match the Linker's OutputFile property value '../OUTPUT/Bin/ColorMap.dll' ('F:\Backup\USB_Backup\동부증권_N누적본\AutoLockOn1005\../OUTPUT/Bin/ColorMap.dll') in project configuration 'Release|Win32'. This may cause your project to build incorrectly. To correct this, please make sure that $(TargetPath) property value matches the value specified in %(Link.OutputFile).">
</Event><Event ErrorLevel="0" Project="ColorMapDll" Source="Shared\src\ColorMapDll\ColorMapDll.vcproj" Description="Done converting to new project file 'F:\Backup\USB_Backup\동부증권_N누적본\AutoLockOn1005\Shared\src\ColorMapDll\ColorMapDll.vcxproj'.">
</Event><Event ErrorLevel="3" Project="ColorMapDll" Source="Shared\src\ColorMapDll\ColorMapDll.vcproj" Description="Converted">
</Event><Event ErrorLevel="0" Project="InfoStructMgrDll" Source="Shared\src\InfoStructMgrDll\InfoStructMgrDll.vcproj" Description="Converting project file 'F:\Backup\USB_Backup\동부증권_N누적본\AutoLockOn1005\Shared\src\InfoStructMgrDll\InfoStructMgrDll.vcproj'.">
</Event><Event ErrorLevel="1" Project="InfoStructMgrDll" Source="Shared\src\InfoStructMgrDll\InfoStructMgrDll.vcproj" Description="VCWebServiceProxyGeneratorTool is no longer supported. The tool has been removed from your project settings.">
</Event><Event ErrorLevel="1" Project="InfoStructMgrDll" Source="Shared\src\InfoStructMgrDll\InfoStructMgrDll.vcproj" Description="MSB8012: $(TargetPath) ('F:\Backup\USB_Backup\동부증권_N누적본\AutoLockOn1005\Shared\src\InfoStructMgrDll\../../../Library/libD\InfoStructMgrDll.dll') does not match the Linker's OutputFile property value '../../../Output/BinD/InfoStructMgrDll.dll' ('F:\Backup\USB_Backup\동부증권_N누적본\AutoLockOn1005\../../../Output/BinD/InfoStructMgrDll.dll') in project configuration 'Debug|Win32'. This may cause your project to build incorrectly. To correct this, please make sure that $(TargetPath) property value matches the value specified in %(Link.OutputFile).">
</Event><Event ErrorLevel="1" Project="InfoStructMgrDll" Source="Shared\src\InfoStructMgrDll\InfoStructMgrDll.vcproj" Description="MSB8012: $(TargetPath) ('F:\Backup\USB_Backup\동부증권_N누적본\AutoLockOn1005\Shared\src\InfoStructMgrDll\../../../Library/lib\InfoStructMgrDll.dll') does not match the Linker's OutputFile property value '../../../Output/Bin/InfoStructMgrDll.dll' ('F:\Backup\USB_Backup\동부증권_N누적본\AutoLockOn1005\../../../Output/Bin/InfoStructMgrDll.dll') in project configuration 'Release|Win32'. This may cause your project to build incorrectly. To correct this, please make sure that $(TargetPath) property value matches the value specified in %(Link.OutputFile).">
</Event><Event ErrorLevel="0" Project="InfoStructMgrDll" Source="Shared\src\InfoStructMgrDll\InfoStructMgrDll.vcproj" Description="Done converting to new project file 'F:\Backup\USB_Backup\동부증권_N누적본\AutoLockOn1005\Shared\src\InfoStructMgrDll\InfoStructMgrDll.vcxproj'.">
</Event><Event ErrorLevel="3" Project="InfoStructMgrDll" Source="Shared\src\InfoStructMgrDll\InfoStructMgrDll.vcproj" Description="Converted">
</Event><Event ErrorLevel="0" Project="SharedInfoDll" Source="Shared\src\SharedInfoDll\SharedInfoDll.vcproj" Description="Converting project file 'F:\Backup\USB_Backup\동부증권_N누적본\AutoLockOn1005\Shared\src\SharedInfoDll\SharedInfoDll.vcproj'.">
</Event><Event ErrorLevel="1" Project="SharedInfoDll" Source="Shared\src\SharedInfoDll\SharedInfoDll.vcproj" Description="VCWebServiceProxyGeneratorTool is no longer supported. The tool has been removed from your project settings.">
</Event><Event ErrorLevel="1" Project="SharedInfoDll" Source="Shared\src\SharedInfoDll\SharedInfoDll.vcproj" Description="Attribute 'Detect64BitPortabilityProblems' of 'VCCLCompilerTool' is not supported in this version and has been removed during conversion.">
</Event><Event ErrorLevel="1" Project="SharedInfoDll" Source="Shared\src\SharedInfoDll\SharedInfoDll.vcproj" Description="Attribute 'Detect64BitPortabilityProblems' of 'VCCLCompilerTool' is not supported in this version and has been removed during conversion.">
</Event><Event ErrorLevel="1" Project="SharedInfoDll" Source="Shared\src\SharedInfoDll\SharedInfoDll.vcproj" Description="MSB8012: $(TargetName) ('SharedInfoDll') does not match the Linker's OutputFile property value '../../../Output/binD/SharedInfo.dll' ('SharedInfo') in project configuration 'Debug|Win32'. This may cause your project to build incorrectly. To correct this, please make sure that $(TargetName) property value matches the value specified in %(Link.OutputFile).">
</Event><Event ErrorLevel="1" Project="SharedInfoDll" Source="Shared\src\SharedInfoDll\SharedInfoDll.vcproj" Description="MSB8012: $(TargetPath) ('F:\Backup\USB_Backup\동부증권_N누적본\AutoLockOn1005\Shared\src\SharedInfoDll\../../../Library/libD\SharedInfoDll.dll') does not match the Linker's OutputFile property value '../../../Output/binD/SharedInfo.dll' ('F:\Backup\USB_Backup\동부증권_N누적본\AutoLockOn1005\../../../Output/binD/SharedInfo.dll') in project configuration 'Debug|Win32'. This may cause your project to build incorrectly. To correct this, please make sure that $(TargetPath) property value matches the value specified in %(Link.OutputFile).">
</Event><Event ErrorLevel="1" Project="SharedInfoDll" Source="Shared\src\SharedInfoDll\SharedInfoDll.vcproj" Description="MSB8012: $(TargetName) ('SharedInfoDll') does not match the Linker's OutputFile property value '../../../Output/bin/SharedInfo.dll' ('SharedInfo') in project configuration 'Release|Win32'. This may cause your project to build incorrectly. To correct this, please make sure that $(TargetName) property value matches the value specified in %(Link.OutputFile).">
</Event><Event ErrorLevel="1" Project="SharedInfoDll" Source="Shared\src\SharedInfoDll\SharedInfoDll.vcproj" Description="MSB8012: $(TargetPath) ('F:\Backup\USB_Backup\동부증권_N누적본\AutoLockOn1005\Shared\src\SharedInfoDll\../../../Library/lib\SharedInfoDll.dll') does not match the Linker's OutputFile property value '../../../Output/bin/SharedInfo.dll' ('F:\Backup\USB_Backup\동부증권_N누적본\AutoLockOn1005\../../../Output/bin/SharedInfo.dll') in project configuration 'Release|Win32'. This may cause your project to build incorrectly. To correct this, please make sure that $(TargetPath) property value matches the value specified in %(Link.OutputFile).">
</Event><Event ErrorLevel="0" Project="SharedInfoDll" Source="Shared\src\SharedInfoDll\SharedInfoDll.vcproj" Description="Done converting to new project file 'F:\Backup\USB_Backup\동부증권_N누적본\AutoLockOn1005\Shared\src\SharedInfoDll\SharedInfoDll.vcxproj'.">
</Event><Event ErrorLevel="3" Project="SharedInfoDll" Source="Shared\src\SharedInfoDll\SharedInfoDll.vcproj" Description="Converted">
</Event><Event ErrorLevel="0" Project="TRParser" Source="Shared\src\TRParser\TRParser.vcproj" Description="Converting project file 'F:\Backup\USB_Backup\동부증권_N누적본\AutoLockOn1005\Shared\src\TRParser\TRParser.vcproj'.">
</Event><Event ErrorLevel="1" Project="TRParser" Source="Shared\src\TRParser\TRParser.vcproj" Description="VCWebServiceProxyGeneratorTool is no longer supported. The tool has been removed from your project settings.">
</Event><Event ErrorLevel="1" Project="TRParser" Source="Shared\src\TRParser\TRParser.vcproj" Description="Attribute 'Detect64BitPortabilityProblems' of 'VCCLCompilerTool' is not supported in this version and has been removed during conversion.">
</Event><Event ErrorLevel="1" Project="TRParser" Source="Shared\src\TRParser\TRParser.vcproj" Description="Attribute 'Detect64BitPortabilityProblems' of 'VCCLCompilerTool' is not supported in this version and has been removed during conversion.">
</Event><Event ErrorLevel="1" Project="TRParser" Source="Shared\src\TRParser\TRParser.vcproj" Description="MSB8012: $(TargetPath) ('F:\Backup\USB_Backup\동부증권_N누적본\AutoLockOn1005\Shared\src\TRParser\../../../Library/libD\TRParser.dll') does not match the Linker's OutputFile property value '../../../Output/BinD/TRParser.dll' ('F:\Backup\USB_Backup\동부증권_N누적본\AutoLockOn1005\../../../Output/BinD/TRParser.dll') in project configuration 'Debug|Win32'. This may cause your project to build incorrectly. To correct this, please make sure that $(TargetPath) property value matches the value specified in %(Link.OutputFile).">
</Event><Event ErrorLevel="1" Project="TRParser" Source="Shared\src\TRParser\TRParser.vcproj" Description="MSB8012: $(TargetPath) ('F:\Backup\USB_Backup\동부증권_N누적본\AutoLockOn1005\Shared\src\TRParser\../../../Library/lib\TRParser.dll') does not match the Linker's OutputFile property value '../../../Output/Bin/TRParser.dll' ('F:\Backup\USB_Backup\동부증권_N누적본\AutoLockOn1005\../../../Output/Bin/TRParser.dll') in project configuration 'Release|Win32'. This may cause your project to build incorrectly. To correct this, please make sure that $(TargetPath) property value matches the value specified in %(Link.OutputFile).">
</Event><Event ErrorLevel="0" Project="TRParser" Source="Shared\src\TRParser\TRParser.vcproj" Description="Done converting to new project file 'F:\Backup\USB_Backup\동부증권_N누적본\AutoLockOn1005\Shared\src\TRParser\TRParser.vcxproj'.">
</Event><Event ErrorLevel="3" Project="TRParser" Source="Shared\src\TRParser\TRParser.vcproj" Description="Converted">
</Event><Event ErrorLevel="0" Project="" Source="AutoLockOn.sln" Description="솔루션을 변환했습니다.">
</Event><Event ErrorLevel="3" Project="" Source="AutoLockOn.sln" Description="Converted">
</Event></UpgradeLog>